"SYMBOL","COMPANY NAME","SUBJECT","DETAILS","BROADCAST DATE/TIME","RECEIPT","DISSEMINATION","DIFFERENCE","ATTACHMENT","FILE SIZE"
"ASIANENE","Asian Energy Services Limited","Shareholders meeting","Asian Energy Services Limited has informed the Exchange about Shareholders meeting","05-Jun-2025 15:43:02","2025-06-05 15:43:02","05-Jun-2025 15:43:02","00:00:00","https://nsearchives.nseindia.com/corporate/ASIANENE_05062025154148_AsianNSEIntimation.pdf","5.62 MB"
"DPSCLTD","DPSC Limited","Trading Plan under PIT","DPSC Limited has informed the Exchange regarding Trading Plan pursuant to SEBI (Prohibition of Insider Trading) Regulations, 2015","05-Jun-2025 15:41:59","2025-06-05 15:41:59","05-Jun-2025 15:42:00","00:00:01","https://nsearchives.nseindia.com/corporate/DPSCLTD_05062025154137_IntimationUnderReg7_2__b_SEBI_PIT05062025.pdf","425 KB"
"PODDARHOUS","Poddar Housing and Development Limited","Updates","Poddar Housing and Development Limited has informed the Exchange regarding 'AGM Notice'.","05-Jun-2025 15:41:48","2025-06-05 15:41:48","05-Jun-2025 15:41:50","00:00:02","https://nsearchives.nseindia.com/corporate/PODDARHOUS_05062025154135_PoddarHousing2024AGMNotice.pdf","6.09 MB"
"OSIAHYPER","Osia Hyper Retail Limited","Credit Rating- Revision","Osia Hyper Retail Limited has informed the Exchange about Credit Rating- Revision","05-Jun-2025 15:40:51","2025-06-05 15:40:51","05-Jun-2025 15:40:52","00:00:01","https://nsearchives.nseindia.com/corporate/OSIAHYPER_05062025154032_Disclosure_Signed.pdf","422 KB"
"HINDMOTORS","Hindustan Motors Limited","Updates","Hindustan Motors Limited has informed the Exchange regarding ORDER BY CALCUTTA HIGH COURT.","05-Jun-2025 15:39:28","2025-06-05 15:39:28","05-Jun-2025 15:39:29","00:00:01","https://nsearchives.nseindia.com/corporate/HINDMOTORS_05062025151501_DISCLOSURE.pdf","451 KB"
"ASHOKA","Ashoka Buildcon Limited","General Updates","Ashoka Buildcon Limited has informed the Exchange about General Updates","05-Jun-2025 15:35:14","2025-06-05 15:35:14","05-Jun-2025 15:35:15","00:00:01","https://nsearchives.nseindia.com/corporate/ASHOKA_05062025153414_420_ABL_BSE_NSE_Announcement_Vehicles_Dept_MH_050625.pdf","636 KB"
"RVNL","Rail Vikas Nigam Limited","Change in Directors/ Key Managerial Personnel/ Auditor/ Compliance Officer/ Share Transfer Agent","RAIL VIKAS NIGAM LIMITED has informed the Exchange about Change in Directors/ Key Managerial Personnel/ Auditor/ Compliance Officer/ Share Transfer Agent","05-Jun-2025 15:34:41","2025-06-05 15:34:41","05-Jun-2025 15:34:42","00:00:01","https://nsearchives.nseindia.com/corporate/xbrl/CIM_57617_1463287_05062025033440_WEB.xml","4 KB"
"INFY","Infosys Limited","Updates","Infosys Limited has informed the Exchange regarding 'AI Takes Center Court, Infosys and FFT Unveil Innovative Fan Features for Roland-Garros 2025'.","05-Jun-2025 15:34:37","2025-06-05 15:34:37","05-Jun-2025 15:34:38","00:00:01","https://nsearchives.nseindia.com/corporate/Infosys_05062025153421_PR_05062025.pdf","353 KB"
"JUNIPER","Juniper Hotels Limited","Analysts/Institutional Investor Meet/Con. Call Updates","Juniper Hotels Limited has informed the Exchange about Schedule of meet","05-Jun-2025 15:34:12","2025-06-05 15:34:12","05-Jun-2025 15:34:13","00:00:01","https://nsearchives.nseindia.com/corporate/9930371292_05062025153401_Intimation-signed.pdf","523 KB"
"RVNL","Rail Vikas Nigam Limited","Appointment","Rail Vikas Nigam Limited has informed the Exchange regarding Appointment of Mr Abhishek Kumar as Director (Finance) (Additional Charge) of the company w.e.f. Jun 05, 2025.","05-Jun-2025 15:33:49","2025-06-05 15:33:49","05-Jun-2025 15:33:50","00:00:01","https://nsearchives.nseindia.com/corporate/RVNL_05062025153327_ChangeinMgt05062025.pdf","577 KB"
"RSYSTEMS","R Systems International Limited","Updates","This has reference to  our letter No. SECT/12/2024/07 dated December 20, 2024, whereby it was informed that R Systems International Limited has entered into an agreement to sale on December 20, 2024 to sell the land and building of the Company, situated at Plot No. C-1 and C-40 situated at Sector 59, NOIDA, Gautam Budh Nagar, Uttar Pradesh along with some assets (hereinafter referred to as the (Said Properties) for a consideration of INR 505,000,000 (Rupees Fifty Crore and Fifty Lakh only).In this regard, we wish to apprise you that the Company has executed the Sale Deed on June 04, 2025 to sell the Said Properties and the said transaction is completed.","05-Jun-2025 15:31:28","2025-06-05 15:31:28","05-Jun-2025 15:31:29","00:00:01","https://nsearchives.nseindia.com/corporate/RSYSTEMS_05062025152844_RSYSTEMS.pdf","1.71 MB"
"ASTRAL","Astral Limited","Analysts/Institutional Investor Meet/Con. Call Updates","Astral Limited has informed the Exchange about Intimation of Investor Meet","05-Jun-2025 15:29:04","2025-06-05 15:29:04","05-Jun-2025 15:29:05","00:00:01","https://nsearchives.nseindia.com/corporate/ASTRAL_05062025152822_Astral_Limited_Investor_meet_05062025.pdf","444 KB"
"SAMHI","Samhi Hotels Limited","Investor Presentation","Samhi Hotels Limited has informed the Exchange about Investor Presentation","05-Jun-2025 15:27:04","2025-06-05 15:27:04","05-Jun-2025 15:27:06","00:00:02","https://nsearchives.nseindia.com/corporate/Samhi_05062025152601_InvestorDay_Presentation2025_compressed.pdf","5.50 MB"
"SHYAMMETL","Shyam Metalics and Energy Limited","Monthly Business Updates","Shyam Metalics And Energy Limited has informed the Exchange regarding Monthly Business Updates for the month of May 2025","05-Jun-2025 15:23:19","2025-06-05 15:23:19","05-Jun-2025 15:23:20","00:00:01","https://nsearchives.nseindia.com/corporate/SHYAMMETL_05062025152249_SalesRelease05062025.pdf","1.91 MB"
"DCMSHRIRAM","DCM Shriram Limited","Shareholders meeting","DCM Shriram Limited has submitted the Exchange a copy Srutinizers report of  Postal Ballot","05-Jun-2025 15:18:07","2025-06-05 15:18:07","05-Jun-2025 15:18:07","00:00:00","https://nsearchives.nseindia.com/corporate/DCMSHRIRAM_05062025151347_DCMPostalBallotResult4JUNE2025SIGNED.pdf","715 KB"
"PODDARHOUS","Poddar Housing and Development Limited","Updates","Poddar Housing and Development Limited has informed the Exchange regarding 'Book Closure'.","05-Jun-2025 15:12:03","2025-06-05 15:12:03","05-Jun-2025 15:12:04","00:00:01","https://nsearchives.nseindia.com/corporate/PODDARHOUS_05062025151150_PoddarHousingBookClosureIntimation.pdf","858 KB"
"TRITURBINE","Triveni Turbine Limited","Updates","Triveni Turbine Limited has informed the Exchange regarding 'Change of email address of the Company for shareholders  related communications and correspondences'.","05-Jun-2025 15:11:52","2025-06-05 15:11:52","05-Jun-2025 15:11:53","00:00:01","https://nsearchives.nseindia.com/corporate/TRITURBINE_05062025151135_STX-Change_of_email_ID.pdf","211 KB"
"PODDARHOUS","Poddar Housing and Development Limited","Updates","Poddar Housing and Development Limited has informed the Exchange regarding 'AGM Intimation'.","05-Jun-2025 15:10:29","2025-06-05 15:10:29","05-Jun-2025 15:10:30","00:00:01","https://nsearchives.nseindia.com/corporate/PODDARHOUS_05062025151020_PoddarHousing42ndAGMIntimation.pdf","492 KB"
"IPCALAB","IPCA Laboratories Limited","Copy of Newspaper Publication","IPCA Laboratories Limited has informed the Exchange about Copy of Newspaper Publication","05-Jun-2025 15:10:21","2025-06-05 15:10:21","05-Jun-2025 15:10:22","00:00:01","https://nsearchives.nseindia.com/corporate/IPCALAB_05062025151010_IEPFnoticeintimationlettersigned.pdf","4.48 MB"
"UNIONBANK","Union Bank of India","Analysts/Institutional Investor Meet/Con. Call Updates","Union Bank of India has informed the Exchange about OUTCOME","05-Jun-2025 15:10:07","2025-06-05 15:10:07","05-Jun-2025 15:10:07","00:00:00","https://nsearchives.nseindia.com/corporate/UNIONBANK_05062025150937_outcome_Analyst_Meet_05062025_NSE_BSE.pdf","261 KB"
"BEL","Bharat Electronics Limited","Press Release","Bharat Electronics Limited has informed the Exchange regarding a press release dated Jun 05, 2025, titled ""BEL Recived Orders Worth Rs. 2323 Crores"".","05-Jun-2025 15:08:30","2025-06-05 15:08:30","05-Jun-2025 15:08:31","00:00:01","https://nsearchives.nseindia.com/corporate/BEL_05062025150614_SE_INT_PRESS_RELEASE_05062025.pdf","1.06 MB"
"WOCKPHARMA","Wockhardt Limited","Investor Presentation","Wockhardt Limited has informed the Exchange about Investor Presentation","05-Jun-2025 15:05:55","2025-06-05 15:05:55","05-Jun-2025 15:05:56","00:00:01","https://nsearchives.nseindia.com/corporate/WOCKPHARMA_05062025150511_WLSEupdatedinvpresentations.pdf","4.32 MB"
"SADHNANIQ","Sadhana Nitrochem Limited","Change in Directors/ Key Managerial Personnel/ Auditor/ Compliance Officer/ Share Transfer Agent","SADHANA NITROCHEM LIMITED has informed the Exchange about Change in Directors/ Key Managerial Personnel/ Auditor/ Compliance Officer/ Share Transfer Agent","05-Jun-2025 15:04:49","2025-06-05 15:04:49","05-Jun-2025 15:04:51","00:00:02","https://nsearchives.nseindia.com/corporate/xbrl/CIM_57615_1463269_05062025030448_WEB.xml","3 KB"
"SANOFI","Sanofi India Limited","Change in Directors/ Key Managerial Personnel/ Auditor/ Compliance Officer/ Share Transfer Agent","SANOFI INDIA LIMITED has informed the Exchange about Change in Directors/ Key Managerial Personnel/ Auditor/ Compliance Officer/ Share Transfer Agent","05-Jun-2025 15:01:15","2025-06-05 15:01:15","05-Jun-2025 15:01:16","00:00:01","https://nsearchives.nseindia.com/corporate/xbrl/CIM_57614_1463266_05062025030114_WEB.xml","3 KB"
"MACPOWER","Macpower CNC Machines Limited","Analysts/Institutional Investor Meet/Con. Call Updates","Macpower CNC Machines Limited has informed the Exchange about Schedule of meet","05-Jun-2025 14:53:37","2025-06-05 14:53:37","05-Jun-2025 14:53:38","00:00:01","https://nsearchives.nseindia.com/corporate/MACPOWER_05062025112148_IntimationforAgilityAdvisorsPlantVisiton06062025.pdf","2.66 MB"
"ASMS","Bartronics India Limited","Board Meeting Intimation","BARTRONICS INDIA LIMITED has informed the Exchange about Board Meeting to be held on 10-Jun-2025 to consider Other business.","05-Jun-2025 14:53:34","2025-06-05 14:53:34","05-Jun-2025 14:53:35","00:00:01","https://nsearchives.nseindia.com/corporate/xbrl/PRIOR_INTIMATION_57613_1463255_05062025025333_WEB.xml","2 KB"
"PARKHOTELS","Apeejay Surrendra Park Hotels Limited","Updates","Apeejay Surrendra Park Hotels Limited has informed the Exchange regarding 'Press Release regarding recognition of ""Ran Baas, The Palace"" as one of the World's Most Beautiful Hotels by Prix Versailles 2025'.","05-Jun-2025 14:51:28","2025-06-05 14:51:28","05-Jun-2025 14:51:29","00:00:01","https://nsearchives.nseindia.com/corporate/ASPHL_05062025145011_Press_Release.pdf","887 KB"
"ELGIEQUIP","Elgi Equipments Limited","Analysts/Institutional Investor Meet/Con. Call Updates","Elgi Equipments Limited has informed the Exchange about Schedule of meet","05-Jun-2025 14:50:59","2025-06-05 14:50:59","05-Jun-2025 14:51:00","00:00:01","https://nsearchives.nseindia.com/corporate/ELGIEQUIP_05062025145027_InvestorsCallIntimation12062025.pdf","565 KB"
"ICICIBANK","ICICI Bank Limited","General Updates","ICICI Bank Limited has informed the Exchange about Disclosure under Regulation 30 read with para A of Schedule III and Regulation 46(2) of the Securities and Exchange Board of India (Listing Obligations and Disclosure Requirements) Regulations, 2015","05-Jun-2025 14:38:44","2025-06-05 14:38:44","05-Jun-2025 14:38:44","00:00:00","https://nsearchives.nseindia.com/corporate/ICICIBANK11_05062025143804_BSENSE.pdf","186 KB"
"RUSHABEAR","Rushabh Precision Bearings Limited","General Updates","Rushabh Precision Bearings Limited has informed the Exchange that due to clerical error we are submitting the outcome. Please note that there are no changes in the financial results submitted by the Company.","05-Jun-2025 14:36:25","2025-06-05 14:36:25","05-Jun-2025 14:36:26","00:00:01","https://nsearchives.nseindia.com/corporate/RUSHABEAR_05062025143610_Revised_BM_Outcome_SE_Signed.pdf","3.26 MB"
"YATRA","Yatra Online Limited","Analysts/Institutional Investor Meet/Con. Call Updates","Yatra Online Limited has informed the Exchange about Transcript","05-Jun-2025 14:35:27","2025-06-05 14:35:27","05-Jun-2025 14:35:28","00:00:01","https://nsearchives.nseindia.com/corporate/YATRA2022_05062025143203_IntimationTranscriptSD.pdf","523 KB"
"ALICON","Alicon Castalloy Limited","Spurt in Volume","Significant increase in volume has been observed in Alicon Castalloy Limited. The Exchange, in order to ensure that investors have latest relevant information about the company and to inform the market place so that the interest of the investors is safeguarded, had written to the company. Alicon Castalloy Limited has submitted their response.","05-Jun-2025 14:34:36","2025-06-05 14:34:36","05-Jun-2025 14:34:37","00:00:01","https://nsearchives.nseindia.com/corporate/ALICON_23052025105512_Let__to_SE_-_Clarification.pdf","393 KB"
"NATIONALUM","National Aluminium Company Limited","Rumour Verification - Regulation 30(11)","National Aluminium Company Limited has informed the Exchange about Rumour Verification - Regulation 30(11) Clarification under Regulation 30(11) of SEBI (Listing Obligations and Disclosure Requirements) Regulations, 2015 ( Listing Regulations ) on news article appearing in  Mainstream Media.","05-Jun-2025 14:27:27","2025-06-05 14:27:27","05-Jun-2025 14:27:29","00:00:02","https://nsearchives.nseindia.com/corporate/bharatsahu_05062025142711_LetterNewsClarification.pdf","462 KB"
"LTFOODS","LT Foods Limited","Analysts/Institutional Investor Meet/Con. Call Updates","LT Foods Limited has informed the Exchange about Schedule of meet","05-Jun-2025 14:27:26","2025-06-05 14:27:26","05-Jun-2025 14:27:27","00:00:01","https://nsearchives.nseindia.com/corporate/532783_05062025142705_InvestorsCall.pdf","430 KB"
"HDFCLIFE","HDFC Life Insurance Company Limited","ESOP/ESOS/ESPS","HDFC Life Insurance Company Limited has informed the Exchange regarding Allotment of 1114557  Shares.","05-Jun-2025 14:18:03","2025-06-05 14:18:03","05-Jun-2025 14:18:04","00:00:01","https://nsearchives.nseindia.com/corporate/PRASAD_05062025141642_ESOPSEIntimationsigned.pdf","2.32 MB"
"VIRINCHI","Virinchi Limited","Notice Of Shareholders Meetings-XBRL","VIRINCHI LIMITED has informed the Exchange about Notice of Shareholders Meeting for Extra-ordinary Meeting to be held on 27-Jun-2025","05-Jun-2025 14:17:12","2025-06-05 14:17:12","05-Jun-2025 14:17:13","00:00:01","https://nsearchives.nseindia.com/corporate/xbrl/NOTICE_OF_SHAREHOLDERS_MEETINGS_1463250_05062025021711_WEB.xml","4 KB"
"VIRINCHI","Virinchi Limited","Shareholders meeting","Virinchi Limited has informed the Exchange regarding Notice of Extraordinary General Meeting to be held on Jun 27, 2025","05-Jun-2025 14:16:31","2025-06-05 14:16:31","05-Jun-2025 14:16:31","00:00:00","https://nsearchives.nseindia.com/corporate/VIRINCHI1303_05062025141534_SE_intimation_EGM_notice.pdf","12.39 MB"
"NAGREEKCAP","Nagreeka Capital & Infrastructure Limited","Record Date","Nagreeka Capital & Infrastructure Limited has informed the Exchange that Record date for the purpose of Meeting  is 16-Sep-2025.","05-Jun-2025 14:14:37","2025-06-05 14:14:37","05-Jun-2025 14:14:38","00:00:01","https://nsearchives.nseindia.com/corporate/NAGREEKCAP_05062025140303_NCILIntimationofbookclosureocr.pdf","331 KB"
"BURNPUR","Burnpur Cement Limited","Action(s) initiated or orders passed","Burnpur Cement Limited has informed the Exchange about Action(s) initiated or orders passed","05-Jun-2025 14:07:50","2025-06-05 14:07:50","05-Jun-2025 14:07:51","00:00:01","https://nsearchives.nseindia.com/corporate/BURNPURCEMENT_05062025140711_Intimation_of_Penalties.pdf","465 KB"
"ONELIFECAP","Onelife Capital Advisors Limited","Copy of Newspaper Publication","Onelife Capital Advisors Limited has informed the Exchange about Copy of Newspaper Publication for EOGM Notice","05-Jun-2025 14:07:06","2025-06-05 14:07:06","05-Jun-2025 14:07:06","00:00:00","https://nsearchives.nseindia.com/corporate/ONELIFECAP_05062025140625_OCALNEWSPAPERMERGEDFINAL.pdf","9.02 MB"
"PIDILITIND","Pidilite Industries Limited","Shareholders meeting","Pidilite Industries Limited has informed the Exchange regarding voting results of  Postal Ballot","05-Jun-2025 13:53:17","2025-06-05 13:53:17","05-Jun-2025 13:53:17","00:00:00","https://nsearchives.nseindia.com/corporate/Nisha_05062025134922_SEIntimationPBMinutes.pdf","970 KB"
"ICICIPRULI","ICICI Prudential Life Insurance Company Limited","Notice Of Shareholders Meetings-XBRL","ICICI Prudential Life Insurance Company Limited has informed the Exchange about Notice of Shareholders Meeting for Annual General Meeting to be held on 27-Jun-2025","05-Jun-2025 13:52:47","2025-06-05 13:52:47","05-Jun-2025 13:52:48","00:00:01","https://nsearchives.nseindia.com/corporate/xbrl/NOTICE_OF_SHAREHOLDERS_MEETINGS_1463246_05062025015246_WEB.xml","41 KB"
"DYCL","Dynamic Cables Limited","Notice Of Shareholders Meetings-XBRL","DYNAMIC CABLES LIMITED has informed the Exchange about Notice of Shareholders Meeting for Annual General Meeting to be held on 30-Jun-2025","05-Jun-2025 13:52:36","2025-06-05 13:52:36","05-Jun-2025 13:52:37","00:00:01","https://nsearchives.nseindia.com/corporate/xbrl/NOTICE_OF_SHAREHOLDERS_MEETINGS_1463245_05062025015235_WEB.xml","17 KB"
"ZAGGLE","Zaggle Prepaid Ocean Services Limited","General Updates","Zaggle Prepaid Ocean Services Limited has informed the Exchange about General Updates","05-Jun-2025 13:48:07","2025-06-05 13:48:07","05-Jun-2025 13:48:08","00:00:01","https://nsearchives.nseindia.com/corporate/ZAGGLE_05062025134744_SEINTIMATION.pdf","4.64 MB"
"IFGLEXPOR","IFGL Refractories Limited","Credit Rating","IFGL Refractories Limited has informed the Exchange about Credit Rating","05-Jun-2025 13:48:03","2025-06-05 13:48:03","05-Jun-2025 13:48:03","00:00:00","https://nsearchives.nseindia.com/corporate/IFGLEXPOR_05062025134555_CreditRating.pdf","707 KB"
"RAMASTEEL","Rama Steel Tubes Limited","Press Release","Rama Steel Tubes Limited has informed the Exchange regarding a press release dated Jun 05, 2025, titled ""Media Release / Press Release, pursuant to Regulation 30 of the SEBI (Listing Obligations and Disclosure Requirements) Regulations, 2015."".","05-Jun-2025 13:47:11","2025-06-05 13:47:11","05-Jun-2025 13:47:12","00:00:01","https://nsearchives.nseindia.com/corporate/RAMASTEEL_05062025134703_Mediarelease05062025.pdf","831 KB"
"JBCHEPHARM","JB Chemicals & Pharmaceuticals Limited","Alteration Of Capital and Fund Raising-XBRL","JB Chemicals & Pharmaceuticals Limited has informed the Exchange regarding Allotment of Securities","05-Jun-2025 13:45:28","2025-06-05 13:45:28","05-Jun-2025 13:45:29","00:00:01","https://nsearchives.nseindia.com/corporate/xbrl/ALTERATION_OF_CAPITAL_AND_FUND_RAISING_1463244_05062025014527_WEB.xml","4 KB"
"MSUMI","Motherson Sumi Wiring India Limited","Copy of Newspaper Publication","Motherson Sumi Wiring India Limited has informed the Exchange about Copy of Newspaper Publication","05-Jun-2025 13:41:55","2025-06-05 13:41:55","05-Jun-2025 13:41:56","00:00:01","https://nsearchives.nseindia.com/corporate/MSWIL_05062025134138_NewspaperDisclosure.pdf","2.77 MB"
"PFC","Power Finance Corporation Limited","General Updates","Power Finance Corporation Limited has informed the Exchange about Transfer of MEL Power Transmission Limited (wholly owned subsidiary of PFC Consulting Limited) (wholly owned subsidiary of Power Finance Corporation Limited).","05-Jun-2025 13:38:59","2025-06-05 13:38:59","05-Jun-2025 13:39:01","00:00:02","https://nsearchives.nseindia.com/corporate/PFC2023_05062025133842_Intimation05062025_signed.pdf","518 KB"
"AADHARHFC","Aadhar Housing Finance Limited","Alteration Of Capital and Fund Raising-XBRL","Aadhar Housing Finance Limited has informed the Exchange regarding Allotment of Securities","05-Jun-2025 13:37:18","2025-06-05 13:37:18","05-Jun-2025 13:37:18","00:00:00","https://nsearchives.nseindia.com/corporate/xbrl/ALTERATION_OF_CAPITAL_AND_FUND_RAISING_1463237_05062025013717_WEB.xml","4 KB"
"AADHARHFC","Aadhar Housing Finance Limited","Allotment of Securities","Aadhar Housing Finance Limited has informed the Exchange regarding allotment of 20000 securities pursuant to Non Convertible Securities at its meeting held on Jun 05, 2025","05-Jun-2025 13:35:54","2025-06-05 13:35:54","05-Jun-2025 13:35:55","00:00:01","https://nsearchives.nseindia.com/corporate/AHFL2021_05062025133438_Intimation.pdf","237 KB"
"ROLTA","Rolta India Limited","Corporate Insolvency Resolution Process-XBRL","ROLTA INDIA LIMITED has informed the Exchange about Corporate Insolvency Resolution Process for the event related to Prior or Post-facto intimation of the meetings of Committee of Creditors","05-Jun-2025 13:32:48","2025-06-05 13:32:48","05-Jun-2025 13:32:48","00:00:00","https://nsearchives.nseindia.com/corporate/xbrl/CIRP_1463234_05062025013247_WEB.xml","5 KB"
"ASHOKLEY","Ashok Leyland Limited","General Updates","Ashok Leyland Limited has informed the Exchange about Newspaper Advertisement","05-Jun-2025 13:30:40","2025-06-05 13:30:40","05-Jun-2025 13:30:41","00:00:01","https://nsearchives.nseindia.com/corporate/ASHOKLEY_05062025132901_19PostalballotpublicationJune25.pdf","4.64 MB"
"SAREGAMA","Saregama India Limited","Spurt in Volume","Significant increase in volume has been observed in Saregama India Limited. The Exchange, in order to ensure that investors have latest relevant information about the company and to inform the market place so that the interest of the investors is safeguarded, had written to the company. Saregama India Limited has submitted their response.","05-Jun-2025 13:30:39","2025-06-05 13:30:39","05-Jun-2025 13:30:39","00:00:00","https://nsearchives.nseindia.com/corporate/SAREGAMA_05062025133016_Nseletter.pdf","271 KB"
"CENTURYPLY","Century Plyboards (India) Limited","Notice Of Shareholders Meetings-XBRL","Century Plyboards (India) Limited has informed the Exchange about Notice of Shareholders Meeting for Postal Ballot","05-Jun-2025 13:29:17","2025-06-05 13:29:17","05-Jun-2025 13:29:18","00:00:01","https://nsearchives.nseindia.com/corporate/xbrl/NOTICE_OF_SHAREHOLDERS_MEETINGS_1463232_05062025012916_WEB.xml","7 KB"
"POONAWALLA","Poonawalla Fincorp Limited","Allotment of Securities","Poonawalla Fincorp Limited has informed the Exchange regarding allotment of 25000 securities pursuant to Non Convertible Securities at its meeting held on Jun 05, 2025","05-Jun-2025 13:29:06","2025-06-05 13:29:06","05-Jun-2025 13:29:07","00:00:01","https://nsearchives.nseindia.com/corporate/POONAWALLA_05062025132838_PFLIntimationAllotmentofNCDs05062025.pdf","1.78 MB"
"ROLTA","Rolta India Limited","Corporate Insolvency Resolution Process","Rolta India Limited has informed the Exchange about Corporate Insolvency Resolution Process","05-Jun-2025 13:28:01","2025-06-05 13:28:01","05-Jun-2025 13:28:02","00:00:01","https://nsearchives.nseindia.com/corporate/ROLTA_05062025132653_Prior_Intimation_of_35th_CoC_Signed.pdf","378 KB"
"COALINDIA","Coal India Limited","Press Release","Coal India Limited has informed the Exchange regarding a press release dated Jun 05, 2025, titled ""CIL s eco-friendly FMC loading up 34% in FY 2025"".","05-Jun-2025 13:24:18","2025-06-05 13:24:18","05-Jun-2025 13:24:19","00:00:01","https://nsearchives.nseindia.com/corporate/COALINDIA_05062025132355_press_release050625.pdf","1.19 MB"
"WINSOME","Winsome Yarns Limited","General Updates","Winsome Yarns Limited has informed the Exchange about General Updates","05-Jun-2025 13:23:38","2025-06-05 13:23:38","05-Jun-2025 13:23:39","00:00:01","https://nsearchives.nseindia.com/corporate/WINSOMYARN_05062025132319_CoC_Meeting_Intimation.pdf","391 KB"
"NAVA","NAVA LIMITED","General Updates","NAVA LIMITED has informed the Exchange about General Updates","05-Jun-2025 13:23:16","2025-06-05 13:23:16","05-Jun-2025 13:23:17","00:00:01","https://nsearchives.nseindia.com/corporate/NBVENTURES_05062025132222_Clarification.pdf","270 KB"
"CENTURYPLY","Century Plyboards (India) Limited","Shareholders meeting","Century Plyboards (India) Limited has informed the Exchange regarding Notice of Postal Ballot","05-Jun-2025 13:22:31","2025-06-05 13:22:31","05-Jun-2025 13:22:31","00:00:00","https://nsearchives.nseindia.com/corporate/CENTURYPLY_05062025131948_CPIL_Notice_of_Postal_Ballot.pdf","689 KB"
"FIVESTAR","Five-Star Business Finance Limited","Credit Rating- Others","Five-Star Business Finance Limited has informed the Exchange about Reaffirmation of Credit Rating.","05-Jun-2025 13:20:28","2025-06-05 13:20:28","05-Jun-2025 13:20:29","00:00:01","https://nsearchives.nseindia.com/corporate/FIVESTAR_05062025131946_IntimationtoSECreditratingCARE.pdf","413 KB"
"TVSMOTOR","TVS Motor Company Limited","Change in Directors/ Key Managerial Personnel/ Auditor/ Compliance Officer/ Share Transfer Agent","TVS MOTOR COMPANY LIMITED has informed the Exchange about Change in Directors/ Key Managerial Personnel/ Auditor/ Compliance Officer/ Share Transfer Agent","05-Jun-2025 13:18:42","2025-06-05 13:18:42","05-Jun-2025 13:18:43","00:00:01","https://nsearchives.nseindia.com/corporate/xbrl/CIM_57611_1463230_05062025011842_WEB.xml","3 KB"
"ECLERX","eClerx Services Limited","Analysts/Institutional Investor Meet/Con. Call Updates","eClerx Services Limited has informed the Exchange about Intimation","05-Jun-2025 13:18:39","2025-06-05 13:18:39","05-Jun-2025 13:18:40","00:00:01","https://nsearchives.nseindia.com/corporate/ECLERX_05062025131504_BSENSEInvMeetDymonAsiaCapital05062025.pdf","239 KB"
"DAMCAPITAL","Dam Capital Advisors Limited","Copy of Newspaper Publication","Dam Capital Advisors Limited has informed the Exchange about Copy of Newspaper Publication","05-Jun-2025 13:18:01","2025-06-05 13:18:01","05-Jun-2025 13:18:02","00:00:01","https://nsearchives.nseindia.com/corporate/DAMCAPITAL_05062025131754_Intimation_of_Newspaper_After_Dispatch_of_Notice_Signed.pdf","6.60 MB"
"BAJAJHFL","Bajaj Housing Finance Limited","Alteration Of Capital and Fund Raising-XBRL","BAJAJ HOUSING FINANCE LIMITED has informed the Exchange regarding Allotment of Securities","05-Jun-2025 13:16:04","2025-06-05 13:16:04","05-Jun-2025 13:16:05","00:00:01","https://nsearchives.nseindia.com/corporate/xbrl/ALTERATION_OF_CAPITAL_AND_FUND_RAISING_1463224_05062025011604_WEB.xml","4 KB"
"ZEELEARN","Zee Learn Limited","Disclosure of material issue","Zee Learn Limited has informed regarding Disclosure of material issue","05-Jun-2025 13:16:01","2025-06-05 13:16:01","05-Jun-2025 13:16:02","00:00:01","https://nsearchives.nseindia.com/corporate/corpaffairs_05062025131518_Intimation_Acre.pdf","393 KB"
"GOCOLORS","Go Fashion (India) Limited","Press Release","Go Fashion (India) Limited has informed the Exchange regarding a press release dated Jun 05, 2025, titled ""Go Colors opens First International Store in Dubai s Silicon Central Mall"".","05-Jun-2025 13:10:33","2025-06-05 13:10:33","05-Jun-2025 13:10:34","00:00:01","https://nsearchives.nseindia.com/corporate/GOCOLORS_05062025131017_PressreleaseDubaistoreopening2025.pdf","781 KB"
"FCL","Fineotex Chemical Limited","General Updates","Fineotex Chemical Limited has informed the Exchange about General Updates of Investor Meet","05-Jun-2025 13:09:01","2025-06-05 13:09:01","05-Jun-2025 13:09:03","00:00:02","https://nsearchives.nseindia.com/corporate/FCL_05062025130854_Reg30IntimationInvestorMeet06062025.pdf","237 KB"
"TVSMOTOR","TVS Motor Company Limited","General Updates","TVS Motor Company Limited has informed the Exchange about Intimation under Regulation 30 of the SEBI (Listing Obligations and Disclosure Requirements) Regulations, 2015","05-Jun-2025 13:06:32","2025-06-05 13:06:32","05-Jun-2025 13:06:32","00:00:00","https://nsearchives.nseindia.com/corporate/TVSMOTOR_05062025130606_TVSM_ROTATION_SD.pdf","245 KB"
"BAJAJHFL","Bajaj Housing Finance Limited","Issue of Securities","Bajaj Housing Finance Limited has informed the Exchange about issue of Securities","05-Jun-2025 13:03:21","2025-06-05 13:03:21","05-Jun-2025 13:03:22","00:00:01","https://nsearchives.nseindia.com/corporate/BHFL_05062025130230_SE_intimation_allotment_under_S32T9.pdf","334 KB"
"TRU","TruCap Finance Limited","Copy of Newspaper Publication","TruCap Finance Limited has informed the Exchange about copy of Newspaper Publication with respect to dispatch of notice of Extra-Ordinary General Meeting of the Company scheduled to be held on June 25, 2025.","05-Jun-2025 13:02:27","2025-06-05 13:02:27","05-Jun-2025 13:02:28","00:00:01","https://nsearchives.nseindia.com/corporate/Trucap_05062025130207_Intimation_to_SE_Post_Dispatch_Newspaper_Publication-EGM.pdf","5.78 MB"
"TVSMOTOR","TVS Motor Company Limited","Change in Management","TVS Motor Company Limited has informed the Exchange about Elevation of Mr Sudarshan Venu, Managing Director, as Chairman of the Company effective 25th August 2025","05-Jun-2025 13:01:34","2025-06-05 13:01:34","05-Jun-2025 13:01:35","00:00:01","https://nsearchives.nseindia.com/corporate/TVSMOTOR_05062025130120_TVSM_SV_ELEVATION_SD.pdf","396 KB"
"GEPIL","GE Power India Limited","Analysts/Institutional Investor Meet/Con. Call Updates","GE Power India Limited has informed the Exchange about Transcript","05-Jun-2025 13:01:21","2025-06-05 13:01:21","05-Jun-2025 13:01:22","00:00:01","https://nsearchives.nseindia.com/corporate/GEPILDEE_05062025130112_transss.pdf","137 KB"
"BAJAJELEC","Bajaj Electricals Limited","General Updates","Bajaj Electricals Limited has informed the Exchange about General Updates","05-Jun-2025 13:00:28","2025-06-05 13:00:28","05-Jun-2025 13:00:29","00:00:01","https://nsearchives.nseindia.com/corporate/BAJAJELEC_05062025125815_SignedDraftSEIntimationAmenstySchemeJune42025.pdf","246 KB"
"INTELLECT","Intellect Design Arena Limited","Press Release","Intellect Design Arena Limited has informed the Exchange regarding a press release dated Jun 05, 2025, titled ""Multi Country Large Deal Win - Intellect Announces Milestone Deal with a Large South African Bank for Nine-Country Rollout of eMACH.ai Digital Engagement Platform."".","05-Jun-2025 12:59:53","2025-06-05 12:59:53","05-Jun-2025 12:59:54","00:00:01","https://nsearchives.nseindia.com/corporate/INTELLECT_05062025125917_PressRelease0506025Signed.pdf","1.21 MB"
"SENCO","Senco Gold Limited","Analysts/Institutional Investor Meet/Con. Call Updates","Senco Gold Limited has informed the Exchange about Transcript","05-Jun-2025 12:58:02","2025-06-05 12:58:02","05-Jun-2025 12:58:03","00:00:01","https://nsearchives.nseindia.com/corporate/Sencogold_05062025125730_EARNING_TRANSCRIPT.pdf","566 KB"
"TVSMOTOR","TVS Motor Company Limited","General Updates","TVS Motor Company Limited has informed the Exchange about Convening the Thirty Third Annual General Meeting of the Company","05-Jun-2025 12:58:00","2025-06-05 12:58:00","05-Jun-2025 12:58:01","00:00:01","https://nsearchives.nseindia.com/corporate/TVSMOTOR_05062025125728_TVSM_AGMDATE_SD.pdf","242 KB"
"MAITHANALL","Maithan Alloys Limited","Record Date","Maithan Alloys Limited has informed the Exchange that Record date for the purpose of Dividend  is 06-Jun-2025.","05-Jun-2025 12:56:31","2025-06-05 12:56:31","05-Jun-2025 12:56:32","00:00:01","https://nsearchives.nseindia.com/corporate/MAITHANALL_05062025125451_Dividend.pdf","427 KB"
"LALPATHLAB","Dr. Lal Path Labs Ltd.","Copy of Newspaper Publication","Dr. Lal Path Labs Ltd. has informed the Exchange about Copy of Newspaper Publication","05-Jun-2025 12:52:44","2025-06-05 12:52:44","05-Jun-2025 12:52:45","00:00:01","https://nsearchives.nseindia.com/corporate/LALPATHLAB_05062025125028_PostPublication05062025.pdf","1.92 MB"
"SWANENERGY","Swan Energy Limited","Analysts/Institutional Investor Meet/Con. Call Updates","Swan Energy Limited has informed the Exchange about Schedule of meet","05-Jun-2025 12:49:46","2025-06-05 12:49:46","05-Jun-2025 12:49:47","00:00:01","https://nsearchives.nseindia.com/corporate/SWANENERGY_05062025124929_Investors_Meet.pdf","199 KB"
"GEEKAYWIRE","Geekay Wires Limited","Disclosure of material issue","Geekay Wires Limited has informed regarding Disclosure of material issue","05-Jun-2025 12:46:09","2025-06-05 12:46:09","05-Jun-2025 12:46:10","00:00:01","https://nsearchives.nseindia.com/corporate/GEEKAYWIRE_05062025124555_FORM_C_ASHISH_KANDOI_HUF.PDF","179 KB"
"PVSL","Popular Vehicles and Services Limited","Copy of Newspaper Publication","Popular Vehicles and Services Limited has informed the Exchange about Copy of Newspaper Publication","05-Jun-2025 12:46:00","2025-06-05 12:46:00","05-Jun-2025 12:46:01","00:00:01","https://nsearchives.nseindia.com/corporate/9072530155_05062025124545_NPFINALSD.pdf","6.31 MB"
"GEEKAYWIRE","Geekay Wires Limited","Disclosure of material issue","Geekay Wires Limited has informed regarding Disclosure of material issue","05-Jun-2025 12:45:12","2025-06-05 12:45:12","05-Jun-2025 12:45:13","00:00:01","https://nsearchives.nseindia.com/corporate/GEEKAYWIRE_05062025124455_FORM_C_ANITHA_AGARWAL.PDF","166 KB"
"TIPSMUSIC","Tips Music Limited","Analysts/Institutional Investor Meet/Con. Call Updates","Tips Music Limited has informed the Exchange about Schedule of meet","05-Jun-2025 12:43:02","2025-06-05 12:43:02","05-Jun-2025 12:43:03","00:00:01","https://nsearchives.nseindia.com/corporate/TIPSINDLTD_05062025123819_TIPSMUSIC9P.pdf","587 KB"
"GLAXO","GlaxoSmithKline Pharmaceuticals Limited","Copy of Newspaper Publication","GlaxoSmithKline Pharmaceuticals Limited has informed the Exchange about Copy of Newspaper Publication","05-Jun-2025 12:42:48","2025-06-05 12:42:48","05-Jun-2025 12:42:49","00:00:01","https://nsearchives.nseindia.com/corporate/GLAXO1924_05062025124215_Regulation47AGM.pdf","6.64 MB"
"MANINDS","Man Industries (India) Limited","Press Release","Man Industries (India) Limited has informed the Exchange regarding a press release dated Jun 05, 2025, titled ""Press Release / Media Release in respect of a new Export Order worth Rs.1,150 Crores"".","05-Jun-2025 12:42:35","2025-06-05 12:42:35","05-Jun-2025 12:42:35","00:00:00","https://nsearchives.nseindia.com/corporate/MANINDS_05062025124229_MIIL_Intimation_to_SE_Press_Release_05062025.pdf","330 KB"
"GEEKAYWIRE","Geekay Wires Limited","Disclosure of material issue","Geekay Wires Limited has informed regarding Disclosure of material issue","05-Jun-2025 12:42:04","2025-06-05 12:42:04","05-Jun-2025 12:42:06","00:00:02","https://nsearchives.nseindia.com/corporate/GEEKAYWIRE_05062025124139_FORM_C_PRAVEEN_KUMAR_AGARWAL.PDF","168 KB"
"LTFOODS","LT Foods Limited","Analysts/Institutional Investor Meet/Con. Call Updates","LT Foods Limited has informed the Exchange about Schedule of meet","05-Jun-2025 12:39:17","2025-06-05 12:39:17","05-Jun-2025 12:39:18","00:00:01","https://nsearchives.nseindia.com/corporate/532783_05062025123854_InvestorsCall.pdf","430 KB"
"MMTC","MMTC Limited","Change in Directors/ Key Managerial Personnel/ Auditor/ Compliance Officer/ Share Transfer Agent","MMTC LIMITED has informed the Exchange about Change in Directors/ Key Managerial Personnel/ Auditor/ Compliance Officer/ Share Transfer Agent","05-Jun-2025 12:36:11","2025-06-05 12:36:11","05-Jun-2025 12:36:12","00:00:01","https://nsearchives.nseindia.com/corporate/xbrl/CIM_57610_1463216_05062025123610_WEB.xml","3 KB"
"LEMONTREE","Lemon Tree Hotels Limited","Analysts/Institutional Investor Meet/Con. Call Updates","Lemon Tree Hotels Limited has informed the Exchange about Transcript","05-Jun-2025 12:36:04","2025-06-05 12:36:04","05-Jun-2025 12:36:05","00:00:01","https://nsearchives.nseindia.com/corporate/LEMONTREE_05062025123127_Outcome_Transcript.pdf","433 KB"
"SRF","SRF Limited","Copy of Newspaper Publication","SRF Limited has informed the Exchange about Copy of Newspaper Publication","05-Jun-2025 12:32:19","2025-06-05 12:32:19","05-Jun-2025 12:32:20","00:00:01","https://nsearchives.nseindia.com/corporate/ekta_maheshwari_05062025123023_Cover_letter-Clippings-Combined.pdf","5.53 MB"
"DYCL","Dynamic Cables Limited","Copy of Newspaper Publication","Dynamic Cables Limited has informed the Exchange about Copy of Newspaper Publication regarding 18th Annual General Meeting.","05-Jun-2025 12:32:09","2025-06-05 12:32:09","05-Jun-2025 12:32:10","00:00:01","https://nsearchives.nseindia.com/corporate/DYNAMICCABLES_05062025123203_newspaper.pdf","11.31 MB"
"LIBAS","Libas Consumer Products Limited","Board Meeting Intimation","Libas Consumer Products Limited has informed the Exchange about Board Meeting to be held on 11-Jun-2025 to consider and approve the Yearly Audited Financial results of the Company for the period ended March 2025 and Other business.","05-Jun-2025 12:30:32","2025-06-05 12:30:32","05-Jun-2025 12:30:33","00:00:01","https://nsearchives.nseindia.com/corporate/xbrl/PRIOR_INTIMATION_57609_1463211_05062025123031_WEB.xml","3 KB"
"ADOR","Ador Welding Limited","General Updates","Ador Welding Limited has informed the Exchange about the communication to Shareholders about tax deduction on Dividend Updates","05-Jun-2025 12:30:29","2025-06-05 12:30:29","05-Jun-2025 12:30:30","00:00:01","https://nsearchives.nseindia.com/corporate/ADORWELD_05062025122934_TDS_Communication_Letter.pdf","1.65 MB"
"PERSISTENT","Persistent Systems Limited","Press Release","Persistent Systems Limited has informed the Exchange regarding a press release dated Jun 05, 2025, titled ""'Persistent Achieves Top Rankings for the Second Year in a Row in Extel s Asia Executive Team Survey'"".","05-Jun-2025 12:30:20","2025-06-05 12:30:20","05-Jun-2025 12:30:21","00:00:01","https://nsearchives.nseindia.com/corporate/PERSISTENTUSER1_05062025123002_PSLPressreleaseJune52025Signed.pdf","378 KB"
"MANINDS","Man Industries (India) Limited","Updates","Man Industries (India) Limited has informed the Exchange regarding 'Man Industries (India) Limited gets new export order of approx. Rs.1150 Crores'.","05-Jun-2025 12:25:02","2025-06-05 12:25:02","05-Jun-2025 12:25:03","00:00:01","https://nsearchives.nseindia.com/corporate/MANINDS_05062025122451_MIIL_Order_Annoucement_Rs1150_Cr_05062025.pdf","265 KB"
"WONDERLA","Wonderla Holidays Limited","Analysts/Institutional Investor Meet/Con. Call Updates","Wonderla Holidays Limited has informed the Exchange about Schedule of meet","05-Jun-2025 12:20:55","2025-06-05 12:20:55","05-Jun-2025 12:20:56","00:00:01","https://nsearchives.nseindia.com/corporate/WONDERLA_05062025122043_cl_Signed.pdf","218 KB"
"KNRCON","KNR Constructions Limited","Analysts/Institutional Investor Meet/Con. Call Updates","KNR Constructions Limited has informed the Exchange about Transcript","05-Jun-2025 12:20:11","2025-06-05 12:20:11","05-Jun-2025 12:20:12","00:00:01","https://nsearchives.nseindia.com/corporate/KNRCON_05062025122003_Transcript30052025.pdf","608 KB"
"DBREALTY","Valor Estate Limited","General Updates","Intimation under Regulation 30 of the SEBI (LODR) Regulations, 2015- corrigendum to Letter of Acceptance from Brihanmumbai Municipal Corporation (BMC)","05-Jun-2025 12:19:02","2025-06-05 12:19:02","05-Jun-2025 12:19:03","00:00:01","https://nsearchives.nseindia.com/corporate/DBR_05062025121733_NSE.pdf","1.03 MB"
"JSFB","Jana Small Finance Bank Limited","Updates","Jana Small Finance Bank Limited has informed the Exchange regarding 'Intimation of record date for NCD INE953L08295 Principal and Interest Payment '.","05-Jun-2025 12:16:55","2025-06-05 12:16:55","05-Jun-2025 12:16:56","00:00:01","https://nsearchives.nseindia.com/corporate/vinay_raikar_janabank_com_05062025121640_Intimation.pdf","304 KB"
"LAURUSLABS","Laurus Labs Limited","Change in Directors/ Key Managerial Personnel/ Auditor/ Compliance Officer/ Share Transfer Agent","LAURUS LABS LIMITED has informed the Exchange about Change in Directors/ Key Managerial Personnel/ Auditor/ Compliance Officer/ Share Transfer Agent","05-Jun-2025 12:16:42","2025-06-05 12:16:42","05-Jun-2025 12:16:44","00:00:02","https://nsearchives.nseindia.com/corporate/xbrl/CIM_57608_1463204_05062025121642_WEB.xml","3 KB"
"KNRCON","KNR Constructions Limited","Analysts/Institutional Investor Meet/Con. Call Updates","KNR Constructions Limited has informed the Exchange about Transcript","05-Jun-2025 12:15:59","2025-06-05 12:15:59","05-Jun-2025 12:16:00","00:00:01","https://nsearchives.nseindia.com/corporate/KNRCON_05062025121547_Transcript30052025.pdf","618 KB"
"HCG","Healthcare Global Enterprises Limited","Change in Directors/ Key Managerial Personnel/ Auditor/ Compliance Officer/ Share Transfer Agent","HEALTHCARE GLOBAL ENTERPRISES LIMITED has informed the Exchange about Change in Directors/ Key Managerial Personnel/ Auditor/ Compliance Officer/ Share Transfer Agent","05-Jun-2025 12:10:48","2025-06-05 12:10:48","05-Jun-2025 12:10:49","00:00:01","https://nsearchives.nseindia.com/corporate/xbrl/CIM_57605_1463194_05062025121047_WEB.xml","3 KB"
"MANAKSIA","Manaksia Limited","Updates","Manaksia Limited has informed the Exchange regarding 'Clarification on Audited Financial Results filed for the quarter and Financial Year ended 31/03/2025'.","05-Jun-2025 12:09:37","2025-06-05 12:09:37","05-Jun-2025 12:09:38","00:00:01","https://nsearchives.nseindia.com/corporate/MANAKSIA_05062025120919_FinancialResults31032025.pdf","3.96 MB"
"VOLTAS","Voltas Limited","General Updates","Voltas Limited has informed the Exchange about General Updates. Further to our letter dated 30th May, 2025, we wish to inform that the 71st Annual General Meeting (AGM) of the Company will now be held at 1.00 p.m. IST instead of 3.00 p.m. IST (as informed earlier), on Tuesday, 8th July, 2025 through Video Conferencing / Other Audio Visual Means.","05-Jun-2025 12:06:29","2025-06-05 12:06:29","05-Jun-2025 12:06:30","00:00:01","https://nsearchives.nseindia.com/corporate/VOLTAS_RB_05062025120517_RevisedSEIntimationAGM.pdf","569 KB"
"HCG","Healthcare Global Enterprises Limited","Resignation","Healthcare Global Enterprises Limited has informed the Exchange regarding Resignation of  Mr. Vineesh Ghei as Sr VP - Sales of the company w.e.f. June 04, 2025.","05-Jun-2025 12:06:27","2025-06-05 12:06:27","05-Jun-2025 12:06:28","00:00:01","https://nsearchives.nseindia.com/corporate/HCG1_05062025120237_SE_Intimation_Change_in_SMP.pdf","1.19 MB"
"SMSPHARMA","SMS Pharmaceuticals Limited","Analysts/Institutional Investor Meet/Con. Call Updates","SMS Pharmaceuticals Limited has informed the Exchange about Transcript","05-Jun-2025 12:05:30","2025-06-05 12:05:30","05-Jun-2025 12:05:31","00:00:01","https://nsearchives.nseindia.com/corporate/SMSPHARMA_05062025120507_TranscriptCLQ4_2025.pdf","399 KB"
"PIDILITIND","Pidilite Industries Limited","Action(s) initiated or orders passed","Pidilite Industries Limited has informed the Exchange about Action(s) initiated or orders passed","05-Jun-2025 12:05:03","2025-06-05 12:05:03","05-Jun-2025 12:05:04","00:00:01","https://nsearchives.nseindia.com/corporate/Nisha_05062025120323_SEIntimationordergujarat.pdf","679 KB"
"MANCREDIT","Mangal Credit and Fincorp Limited","Updates","Mangal Credit and Fincorp Limited has informed the Exchange regarding 'Mangal Credit and Fincorp Limited has informed the Exchange regarding opening of new branch in the state of Maharashtra '.","05-Jun-2025 12:04:47","2025-06-05 12:04:47","05-Jun-2025 12:04:48","00:00:01","https://nsearchives.nseindia.com/corporate/MCFL_05062025120400_Covering_Letter.pdf","569 KB"
"RADICO","Radico Khaitan Limited","Copy of Newspaper Publication","Radico Khaitan Limited has informed the Exchange about Copy of Newspaper Publication for transfer of  Equity Shares of the Company to Investor Education and Protection Fund (IEPF) Authority","05-Jun-2025 12:03:35","2025-06-05 12:03:35","05-Jun-2025 12:03:36","00:00:01","https://nsearchives.nseindia.com/corporate/RADICO_05062025120316_iepfnewspaperintimation.pdf","10.88 MB"
"LAURUSLABS","Laurus Labs Limited","General Updates","Laurus Labs Limited has informed the Exchange about appointment of Mr. Jyothi Basu Abbibeni asExecutive Vice President   Chemical R&D","05-Jun-2025 12:03:11","2025-06-05 12:03:11","05-Jun-2025 12:03:12","00:00:01","https://nsearchives.nseindia.com/corporate/LAURUSLABS_05062025120058_AppofJyothi05062025.pdf","342 KB"
"MSTCLTD","Mstc Limited","Analysts/Institutional Investor Meet/Con. Call Updates","Mstc Limited has informed the Exchange about Transcript","05-Jun-2025 12:01:16","2025-06-05 12:01:16","05-Jun-2025 12:01:17","00:00:01","https://nsearchives.nseindia.com/corporate/MSTCLTD_05062025115910_Transcript_of_Conference_Call_with_the_InvestorsAnalyst.pdf","2.67 MB"
"GLAXO","GlaxoSmithKline Pharmaceuticals Limited","General Updates","GlaxoSmithKline Pharmaceuticals Limited has informed the Exchange about General Updates","05-Jun-2025 12:01:13","2025-06-05 12:01:13","05-Jun-2025 12:01:15","00:00:02","https://nsearchives.nseindia.com/corporate/GLAXO1924_05062025120024_DisclosureunderRegulation30.pdf","2.53 MB"
"INDIACEM","The India Cements Limited","Trading Window-XBRL","THE INDIA CEMENTS LIMITED has informed the Exchange about Closure of Trading Window","05-Jun-2025 11:59:22","2025-06-05 11:59:22","05-Jun-2025 11:59:23","00:00:01","https://nsearchives.nseindia.com/corporate/xbrl/CLOSURE_TRADING_WINDOW_1463187_05062025115921_WEB.xml","2 KB"
"GREAVESCOT","Greaves Cotton Limited","Copy of Newspaper Publication","Greaves Cotton Limited has informed the Exchange about Copy of Newspaper Publication 2025 regarding the Notice of Postal Ballot and in terms of Regulation 47 of the SEBI (Listing Obligations and Disclosure Requirements) Regulations 2015.","05-Jun-2025 11:59:04","2025-06-05 11:59:04","05-Jun-2025 11:59:05","00:00:01","https://nsearchives.nseindia.com/corporate/GREAVESCOT_05062025115829_Greavescot_05062025.pdf","5.37 MB"
"INDIACEM","The India Cements Limited","Board Meeting Intimation","THE INDIA CEMENTS LIMITED has informed the Exchange about Board Meeting to be held on 19-Jul-2025 to inter-alia consider and approve the Unaudited Financial results of the Company for the Quarterly ended June 2025 .","05-Jun-2025 11:58:05","2025-06-05 11:58:05","05-Jun-2025 11:58:06","00:00:01","https://nsearchives.nseindia.com/corporate/xbrl/PRIOR_INTIMATION_57604_1463186_05062025115804_WEB.xml","2 KB"
"MOTHERSON","Samvardhana Motherson International Limited","General Updates","Samvardhana Motherson International Limited has submitted with the exchange an intimation under Regulation 30 of SEBI Listing Regulations.","05-Jun-2025 11:57:07","2025-06-05 11:57:07","05-Jun-2025 11:57:07","00:00:00","https://nsearchives.nseindia.com/corporate/MOTHERSON_05062025115654_Disclosure.pdf","1.71 MB"
"GLAXO","GlaxoSmithKline Pharmaceuticals Limited","Copy of Newspaper Publication","GlaxoSmithKline Pharmaceuticals Limited has informed the Exchange about Copy of Newspaper Publication","05-Jun-2025 11:56:33","2025-06-05 11:56:33","05-Jun-2025 11:56:34","00:00:01","https://nsearchives.nseindia.com/corporate/GLAXO1924_05062025115620_Regulation47.pdf","6.39 MB"
"DHANUKA","Dhanuka Agritech Limited","Copy of Newspaper Publication","Dhanuka Agritech Limited has informed the Exchange about Copy of Newspaper Publication","05-Jun-2025 11:55:50","2025-06-05 11:55:50","05-Jun-2025 11:55:50","00:00:00","https://nsearchives.nseindia.com/corporate/DHANUKA_05062025115524_newspaperpublication.pdf","1.71 MB"
"AMBIKCO","Ambika Cotton Mills Limited","Updates","Ambika Cotton Mills Limited has informed the Exchange regarding 'Filing of - Receipt of disclosure under Regulation 7(2)   Continual Disclosure of SEBI (PIT) Regulations, 2015 - Reg'.","05-Jun-2025 11:55:40","2025-06-05 11:55:40","05-Jun-2025 11:55:41","00:00:01","https://nsearchives.nseindia.com/corporate/AMBIKCO_05062025115530_OCRATTAC.pdf","88 KB"
"INDIACEM","The India Cements Limited","Trading Window","The India Cements Limited has informed the Exchange regarding the Trading Window closure pursuant to SEBI (Prohibition of Insider Trading) Regulations, 2015","05-Jun-2025 11:55:10","2025-06-05 11:55:10","05-Jun-2025 11:55:11","00:00:01","https://nsearchives.nseindia.com/corporate/INDIACEM_05062025115501_SEsltrdt05062025BMIntimationsd.pdf","245 KB"
"RHFL","Reliance Home Finance Limited","Copy of Newspaper Publication","Reliance Home Finance Limited has informed the Exchange about Copy of Newspaper Publication","05-Jun-2025 11:53:50","2025-06-05 11:53:50","05-Jun-2025 11:53:51","00:00:01","https://nsearchives.nseindia.com/corporate/RHFL_05062025115329_Reg47AdvertisementofAuditedResult31032025.pdf","2.96 MB"
"INDOSTAR","IndoStar Capital Finance Limited","Alteration Of Capital and Fund Raising-XBRL","Indostar Capital Finance Limited has informed the Exchange regarding Allotment of Securities","05-Jun-2025 11:52:41","2025-06-05 11:52:41","05-Jun-2025 11:52:42","00:00:01","https://nsearchives.nseindia.com/corporate/xbrl/ALTERATION_OF_CAPITAL_AND_FUND_RAISING_1463181_05062025115240_WEB.xml","4 KB"
"RELINFRA","Reliance Infrastructure Limited","News Verification","The Exchange has sought clarification from Reliance Infrastructure Limited with respect to recent news item captioned Reliance Infra becomes first private Indian firm to develop next-gen 155mm artillery shells.  The response from the Company is attached.","05-Jun-2025 11:51:36","2025-06-05 11:51:36","05-Jun-2025 11:51:37","00:00:01","https://nsearchives.nseindia.com/corporate/RELINFRA_05062025115125_ResponsetoSEClarificationonPriceMovementFinalSD.pdf","202 KB"
"SECURKLOUD","SECUREKLOUD TECHNOLOGIES LIMITED","Pendency of Litigation(s)/dispute(s) or the outcome impacting the Company","SECUREKLOUD TECHNOLOGIES LIMITED has informed the Exchange about Pendency of Litigation(s)/dispute(s) or the outcome impacting the Company","05-Jun-2025 11:50:51","2025-06-05 11:50:51","05-Jun-2025 11:50:52","00:00:01","https://nsearchives.nseindia.com/corporate/SECURKLOUD_05062025114729_E17_MA_filed_by_promoters_SD.pdf","287 KB"
"RVHL","Ravinder Heights Limited","Copy of Newspaper Publication","Ravinder Heights Limited has informed the Exchange about Copy of Newspaper Publication","05-Jun-2025 11:50:41","2025-06-05 11:50:41","05-Jun-2025 11:50:42","00:00:01","https://nsearchives.nseindia.com/corporate/RVHL_05062025115034_coverletterfinal.pdf","2.55 MB"
"VEDL","Vedanta Limited","Updates","Vedanta Limited has informed the Exchange regarding 'Allotment of Non-Convertible Debentures'.","05-Jun-2025 11:50:26","2025-06-05 11:50:26","05-Jun-2025 11:50:26","00:00:00","https://nsearchives.nseindia.com/corporate/VEDL_05062025114845_VEDLCODAllotmentsigned.pdf","339 KB"
"RAILTEL","Railtel Corporation Of India Limited","Bagging/Receiving of orders/contracts","Railtel Corporation Of India Limited has informed the Exchange about Bagging/Receiving of orders/contracts","05-Jun-2025 11:49:28","2025-06-05 11:49:28","05-Jun-2025 11:49:30","00:00:02","https://nsearchives.nseindia.com/corporate/RAILTEL_05062025114922_Railtel_Order_Book_Company_Rep_050625.pdf","418 KB"
"PRECAM","Precision Camshafts Limited","Analysts/Institutional Investor Meet/Con. Call Updates","Precision Camshafts Limited has informed the Exchange about Schedule of meet","05-Jun-2025 11:49:23","2025-06-05 11:49:23","05-Jun-2025 11:49:24","00:00:01","https://nsearchives.nseindia.com/corporate/PRECAMS_05062025114811_NSE.pdf","244 KB"
"FIVESTAR","Five-Star Business Finance Limited","Alteration Of Capital and Fund Raising-XBRL","Five-Star Business Finance Limited has informed the Exchange regarding Allotment of Securities","05-Jun-2025 11:45:24","2025-06-05 11:45:24","05-Jun-2025 11:45:25","00:00:01","https://nsearchives.nseindia.com/corporate/xbrl/ALTERATION_OF_CAPITAL_AND_FUND_RAISING_1463178_05062025114523_WEB.xml","4 KB"
"SELAN","Selan Exploration Technology Limited","Copy of Newspaper Publication","Selan Exploration Technology Limited has informed the Exchange about Copy of Newspaper Publication","05-Jun-2025 11:44:52","2025-06-05 11:44:52","05-Jun-2025 11:44:54","00:00:02","https://nsearchives.nseindia.com/corporate/SELAN_05062025114415_NewspaperNotice.pdf","2.14 MB"
"JBCHEPHARM","JB Chemicals & Pharmaceuticals Limited","ESOP/ESOS/ESPS","JB Chemicals & Pharmaceuticals Limited has informed the Exchange regarding Allotment of 112990  Shares.","05-Jun-2025 11:44:49","2025-06-05 11:44:49","05-Jun-2025 11:44:51","00:00:02","https://nsearchives.nseindia.com/corporate/JBCHEPHARM_05062025114437_NSE_allotment.pdf","629 KB"
"PIGL","Power & Instrumentation (Gujarat) Limited","Bagging/Receiving of orders/contracts","Power & Instrumentation (Gujarat) Limited has informed the Exchange about Bagging/Receiving of orders/contracts","05-Jun-2025 11:44:46","2025-06-05 11:44:46","05-Jun-2025 11:44:46","00:00:00","https://nsearchives.nseindia.com/corporate/PIGL_05062025114437_Disclosureunderregulation30.pdf","541 KB"
"ICICIPRULI","ICICI Prudential Life Insurance Company Limited","Copy of Newspaper Publication","ICICI Prudential Life Insurance Company Limited has informed the Exchange about Copy of post-dispatch Newspaper Publication for Annual General Meeting.","05-Jun-2025 11:44:16","2025-06-05 11:44:16","05-Jun-2025 11:44:17","00:00:01","https://nsearchives.nseindia.com/corporate/ICICIPRULI_05062025114400_SE_Intimation_Post_Newspaper_publication_05062025_signed.pdf","7.05 MB"
"FIVESTAR","Five-Star Business Finance Limited","ESOP/ESOS/ESPS","Five-Star Business Finance Limited has informed the Exchange regarding Allotment of 4790 Equity Shares pursuant to Employee Stock Options.","05-Jun-2025 11:43:18","2025-06-05 11:43:18","05-Jun-2025 11:43:18","00:00:00","https://nsearchives.nseindia.com/corporate/FIVESTAR_05062025114251_ExchangeIntimation_signed.pdf","475 KB"
"TATAINVEST","Tata Investment Corporation Limited","Copy of Newspaper Publication","Tata Investment Corporation Limited has informed the Exchange about Copy of Newspaper Publication","05-Jun-2025 11:41:43","2025-06-05 11:41:43","05-Jun-2025 11:41:45","00:00:02","https://nsearchives.nseindia.com/corporate/TATAINVEST_05062025114127_SE_Int_sd.pdf","4.97 MB"
"INDOSTAR","IndoStar Capital Finance Limited","ESOP/ESOS/ESPS","IndoStar Capital Finance Limited has informed the Exchange regarding Allotment of 109613  Shares.","05-Jun-2025 11:41:01","2025-06-05 11:41:01","05-Jun-2025 11:41:02","00:00:01","https://nsearchives.nseindia.com/corporate/INDOSTAR_05062025114032_ESOP_Allotment_Intimation_final.pdf","632 KB"
"RUCHINFRA","Ruchi Infrastructure Limited","Updates","Ruchi Infrastructure Limited has informed the Exchange regarding 'Details of equity shares dematerialized/rematerialized during the month of May, 2025.'.","05-Jun-2025 11:40:33","2025-06-05 11:40:33","05-Jun-2025 11:40:34","00:00:01","https://nsearchives.nseindia.com/corporate/RUCHINFRA_05062025113943_DematrematstatusofsharesMay2025.pdf","2.46 MB"
"RATEGAIN","Rategain Travel Technologies Limited","Press Release","Rategain Travel Technologies Limited has informed the Exchange regarding a press release dated Jun 05, 2025, titled ""Press Release on  RateGain s Booking Engine Partners with Razorpay to Power Seamless Hotel Payments Across India "".","05-Jun-2025 11:38:26","2025-06-05 11:38:26","05-Jun-2025 11:38:26","00:00:00","https://nsearchives.nseindia.com/corporate/RATEGAIN_05062025113817_PR05062025.pdf","921 KB"
"SONATSOFTW","Sonata Software Limited","Updates","Sonata Software Limited has informed the Exchange regarding 'Analyst Call / Investor Meet'.","05-Jun-2025 11:34:38","2025-06-05 11:34:38","05-Jun-2025 11:34:39","00:00:01","https://nsearchives.nseindia.com/corporate/SONATSOFTW_05062025113315_AnalystCall.pdf","200 KB"
"KRBL","KRBL Limited","Analysts/Institutional Investor Meet/Con. Call Updates","KRBL Limited has informed the Exchange about Schedule of meet","05-Jun-2025 11:33:59","2025-06-05 11:33:59","05-Jun-2025 11:34:00","00:00:01","https://nsearchives.nseindia.com/corporate/BIBHU_05062025113341_STX_INVESTORMEET_10062025_RTLInvestments_signed.pdf","117 KB"
"INDUSINDBK","IndusInd Bank Limited","Press Release","Indusind Bank Limited has informed the Exchange regarding a press release dated Jun 05, 2025, titled ""IndusInd Bank Brings Hyper-Personalized Banking Experience to Over 15 Million Retail Banking Customers with  INDIE  App"".","05-Jun-2025 11:30:13","2025-06-05 11:30:13","05-Jun-2025 11:30:14","00:00:01","https://nsearchives.nseindia.com/corporate/INDUSINDBK2_05062025113003_PressReleasefinal.pdf","819 KB"
"TVSHLTD","TVS Holdings Limited","General Updates","TVS Holdings Limited has informed the Exchange about Annual General Meeting to be held on 22nd August 2025","05-Jun-2025 11:28:09","2025-06-05 11:28:09","05-Jun-2025 11:28:10","00:00:01","https://nsearchives.nseindia.com/corporate/SUNCLAYLTD_05062025112757_TVSHSEINTIMATIONSD.pdf","265 KB"
"CENTRALBK","Central Bank of India","General Updates","Central Bank of India has informed the Exchange about Acquisition of Equity Stake in Future Generali India Insurance Company Limited (FGIICL).","05-Jun-2025 11:27:02","2025-06-05 11:27:02","05-Jun-2025 11:27:03","00:00:01","https://nsearchives.nseindia.com/corporate/CENTRALBK_05062025112654_Final_SE_Aquisition_Future_General.pdf","952 KB"
"MTNL","Mahanagar Telephone Nigam Limited","General Updates","COMPLIANCE OF REGULATION 30 OF SEBI (LODR) REGULATIONS, 2015- DISCLOSURE OF EVENTS OR INFORMATION   DISCLOSURE OF IMPOSITION OF FINE OR PENALTY","05-Jun-2025 11:23:02","2025-06-05 11:23:02","05-Jun-2025 11:23:02","00:00:00","https://nsearchives.nseindia.com/corporate/MTNL_05062025112243_LETTER__SE_05062025.pdf","1.75 MB"
"IVP","IVP Limited","Change in Directors/ Key Managerial Personnel/ Auditor/ Compliance Officer/ Share Transfer Agent","IVP LIMITED has informed the Exchange about Change in Directors/ Key Managerial Personnel/ Auditor/ Compliance Officer/ Share Transfer Agent","05-Jun-2025 11:22:50","2025-06-05 11:22:50","05-Jun-2025 11:22:51","00:00:01","https://nsearchives.nseindia.com/corporate/xbrl/CIM_57600_1463174_05062025112249_WEB.xml","4 KB"
"WEIZMANIND","Weizmann Limited","Copy of Newspaper Publication","Weizmann Limited has informed the Exchange about Copy of Newspaper Publication","05-Jun-2025 11:22:03","2025-06-05 11:22:03","05-Jun-2025 11:22:04","00:00:01","https://nsearchives.nseindia.com/corporate/WEIZMANNIND_05062025112057_WLNewspaperAdvertisement.pdf","2.46 MB"
"CENTRALBK","Central Bank of India","General Updates","Central Bank of India has informed the Exchange about Acquisition of Equity Stake in Future Generali India Life Insurance Company Limited (FGILICL).","05-Jun-2025 11:20:50","2025-06-05 11:20:50","05-Jun-2025 11:20:52","00:00:02","https://nsearchives.nseindia.com/corporate/CENTRALBK_05062025112044_Final_SE_Aquisition_Life.pdf","954 KB"
"SUNDROP","Sundrop Brands Limited","Copy of Newspaper Publication","Sundrop Brands Limited has informed the Exchange about Copy of Newspaper Publication","05-Jun-2025 11:18:57","2025-06-05 11:18:57","05-Jun-2025 11:18:58","00:00:01","https://nsearchives.nseindia.com/corporate/ATFL_05062025111847_LettertoStockExchangeNewspaperpublicationforPostalBallotsigned.pdf","4.05 MB"
"AFFLE","Affle 3i Limited","Change in Directors/ Key Managerial Personnel/ Auditor/ Compliance Officer/ Share Transfer Agent","AFFLE 3I LIMITED has informed the Exchange about Change in Directors/ Key Managerial Personnel/ Auditor/ Compliance Officer/ Share Transfer Agent","05-Jun-2025 11:14:36","2025-06-05 11:14:36","05-Jun-2025 11:14:37","00:00:01","https://nsearchives.nseindia.com/corporate/xbrl/CIM_57599_1463170_05062025111436_WEB.xml","4 KB"
"GILLANDERS","Gillanders Arbuthnot & Company Limited","Copy of Newspaper Publication","Gillanders Arbuthnot & Company Limited has informed the Exchange about Copy of Newspaper Publication in connection to the ensuing 91st AGM of the Company which is scheduled to be held on Friday, 27th June, 2025 at 10:00 A.M.","05-Jun-2025 11:11:12","2025-06-05 11:11:12","05-Jun-2025 11:11:13","00:00:01","https://nsearchives.nseindia.com/corporate/GILLANDERS_05062025111014__F__Post_Newspaper_Advertisment.pdf","2.23 MB"
"SHYAMMETL","Shyam Metalics and Energy Limited","Press Release","Shyam Metalics And Energy Limited has informed the Exchange regarding a press release dated Jun 05, 2025, titled ""Shyam Metalics Foundation bestowed with Prestigious CSR Contribution Award at Edelgive-Hurun India Philanthropy Awards 2025"".","05-Jun-2025 11:08:56","2025-06-05 11:08:56","05-Jun-2025 11:08:56","00:00:00","https://nsearchives.nseindia.com/corporate/SHYAMMETL_05062025110602_PressRelease05062025.pdf","848 KB"
"CHEVIOT","Cheviot Company Limited","General Updates","Cheviot Company Limited has informed the Exchange about Notice to shareholders published in newspapers on 5 June 2025, to inform the shareholders concerned three months before the due date for transfer of shares, in respect of which dividend remain unpaid or unclaimed for seven consecutive years, to Investor Education and Protection Fund.","05-Jun-2025 11:07:24","2025-06-05 11:07:24","05-Jun-2025 11:07:25","00:00:01","https://nsearchives.nseindia.com/corporate/CHEVIOT_05062025110538_IEPFPP.pdf","1.66 MB"
"ASPINWALL","Aspinwall and Company Limited","Copy of Newspaper Publication","Aspinwall and Company Limited has informed the Exchange about Copy of Newspaper Publication regarding notice of transfer of equity shares of the Company to IEPF","05-Jun-2025 11:07:13","2025-06-05 11:07:13","05-Jun-2025 11:07:15","00:00:02","https://nsearchives.nseindia.com/corporate/ASPINWALL_05062025110600_NewsadIEPF2025.pdf","786 KB"
"AFFLE","Affle 3i Limited","Change in Director(s)","Affle 3i Limited has informed the Exchange regarding Change in Director(s) of the company.","05-Jun-2025 11:02:52","2025-06-05 11:02:52","05-Jun-2025 11:02:52","00:00:00","https://nsearchives.nseindia.com/corporate/AFFLE_05062025105844_Stockexchangedisclosure_appointmentofVivekNarayanGour.pdf","910 KB"
"MARICO","Marico Limited","Press Release","Please find attached a press release by Marico Limited, titled ""Marico Celebrates World Environment Day 2025 with the Launch of Packaging Circularity Score Framework"".","05-Jun-2025 11:00:11","2025-06-05 11:00:11","05-Jun-2025 11:00:12","00:00:01","https://nsearchives.nseindia.com/corporate/marico_05062025104817_SEIntimation.pdf","383 KB"
"SETCO","Setco Automotive Limited","Press Release","Setco Automotive Limited has informed the Exchange regarding a press release dated Jun 05, 2025, titled ""Launches Automotive Water Pump   Expands Product Portfolio Beyond Clutches"".","05-Jun-2025 10:58:40","2025-06-05 10:58:40","05-Jun-2025 10:58:42","00:00:02","https://nsearchives.nseindia.com/corporate/SETCO_05062025105830_PressReleaseSetcoWaterPumprelease05062025.pdf","266 KB"
"RKSWAMY","R K Swamy Limited","Spurt in Volume","Significant increase in volume has been observed in R K Swamy Limited. The Exchange, in order to ensure that investors have latest relevant information about the company and to inform the market place so that the interest of the investors is safeguarded, had written to the company. R K Swamy Limited has submitted their response.","05-Jun-2025 10:56:18","2025-06-05 10:56:18","05-Jun-2025 10:56:18","00:00:00","https://nsearchives.nseindia.com/corporate/RKSWAMY1973_05062025105445_Responsetoclarification.pdf","200 KB"
"SHANKARA","Shankara Building Products Limited","Credit Rating","Shankara Building Products Limited has informed the Exchange about Credit Rating","05-Jun-2025 10:53:39","2025-06-05 10:53:39","05-Jun-2025 10:53:40","00:00:01","https://nsearchives.nseindia.com/corporate/SHANKARA_05062025105316_Filing.pdf","1.52 MB"
"NTPCGREEN","NTPC Green Energy Limited","General Updates","NTPC Green Energy Limited has informed the Exchange about update in the disclosure dated 4th June 2025.","05-Jun-2025 10:52:46","2025-06-05 10:52:46","05-Jun-2025 10:52:47","00:00:01","https://nsearchives.nseindia.com/corporate/dinesh01_05062025104845_Disclosure_update.pdf","1.64 MB"
"HDFCAMC","HDFC Asset Management Company Limited","Analysts/Institutional Investor Meet/Con. Call Updates","HDFC Asset Management Company Limited has informed the Exchange about Schedule of meet","05-Jun-2025 10:52:04","2025-06-05 10:52:04","05-Jun-2025 10:52:05","00:00:01","https://nsearchives.nseindia.com/corporate/DEEPTI_05062025105054_NSEBSE_20.pdf","469 KB"
"BANARBEADS","Banaras Beads Limited","Updates","Banaras Beads Limited has informed the Exchange regarding ''. Book closer from 1st August, 2025 to 7th August, 2025 (both days inclusive) for the purposes of AGM to be held on 07.08.2025.","05-Jun-2025 10:49:38","2025-06-05 10:49:38","05-Jun-2025 10:49:39","00:00:01","https://nsearchives.nseindia.com/corporate/BANARBEADS_05062025104854_Bookclosure.pdf","512 KB"
"WAAREEENER","Waaree Energies Limited","Disclosure under SEBI Takeover Regulations","Chimanlal Tribhuvandas Doshi has Submitted to the Exchange a copy of Disclosure under Regulation 10 (5) of the Securities and Exchange Board of India (Substantial Acquisition of Shares and Takeovers) Regulations, 2011.","05-Jun-2025 10:49:23","2025-06-05 10:49:23","05-Jun-2025 10:49:24","00:00:01","https://nsearchives.nseindia.com/corporate/team_sandeshc_05062025103850_WSFPL.pdf","5.20 MB"
"BANARBEADS","Banaras Beads Limited","Record Date","Banaras Beads Limited has informed the Exchange that Record date for the purpose of Meeting  is 31-Jul-2025.","05-Jun-2025 10:46:35","2025-06-05 10:46:35","05-Jun-2025 10:46:36","00:00:01","https://nsearchives.nseindia.com/corporate/BANARBEADS_05062025104424_Bookclosure.pdf","512 KB"
"IRCON","Ircon International Limited","Spurt in Volume","Significant increase in volume has been observed in Ircon International Limited. The Exchange, in order to ensure that investors have latest relevant information about the company and to inform the market place so that the interest of the investors is safeguarded, had written to the company. Ircon International Limited has submitted their response.","05-Jun-2025 10:39:34","2025-06-05 10:39:34","05-Jun-2025 10:39:34","00:00:00","https://nsearchives.nseindia.com/corporate/IRCON_05062025103902_NSEREPLY05062025.pdf","563 KB"
"VINYLINDIA","Vinyl Chemicals (India) Limited","Updates","Vinyl Chemicals (India) Limited has informed the Exchange regarding ''.Intimation to shareholders holding shares in physical mode regarding mandatory         furnishing of PAN, KYC and Bank details as per SEBI Circular dated 17th May, 2023","05-Jun-2025 10:38:43","2025-06-05 10:38:43","05-Jun-2025 10:38:43","00:00:00","https://nsearchives.nseindia.com/corporate/VINYLINDIA_05062025103728_SE_letter_KYC-_Signed.pdf","1.79 MB"
"JCHAC","Johnson Controls - Hitachi Air Conditioning India Limited","Updates","Johnson Controls - Hitachi Air Conditioning India Limited has informed the Exchange regarding 'Business Responsibility and Sustainability Report'.","05-Jun-2025 10:35:56","2025-06-05 10:35:56","05-Jun-2025 10:35:56","00:00:00","https://nsearchives.nseindia.com/corporate/JCHAC_05062025103445_BRSR202425.pdf","1.55 MB"
"PIDILITIND","Pidilite Industries Limited","Analysts/Institutional Investor Meet/Con. Call Updates","Pidilite Industries Limited has informed the Exchange about Schedule of meet","05-Jun-2025 10:19:17","2025-06-05 10:19:17","05-Jun-2025 10:19:19","00:00:02","https://nsearchives.nseindia.com/corporate/Nisha_05062025101737_SEintimationanalystmeet5June2025.pdf","185 KB"
"SAIL","Steel Authority of India Limited","Analysts/Institutional Investor Meet/Con. Call Updates","Steel Authority of India Limited has informed the Exchange about Transcript","05-Jun-2025 10:18:04","2025-06-05 10:18:04","05-Jun-2025 10:18:05","00:00:01","https://nsearchives.nseindia.com/corporate/SAIL_05062025101748_transcript_sailmarch2025.pdf","332 KB"
"ASHIANA","Ashiana Housing Limited","Analysts/Institutional Investor Meet/Con. Call Updates","Ashiana Housing Limited has informed the Exchange about Link of Recording","05-Jun-2025 10:13:06","2025-06-05 10:13:06","05-Jun-2025 10:13:06","00:00:00","https://nsearchives.nseindia.com/corporate/ASHIANA_05062025101214_Con_Call_Recording_Q4_FY25.pdf","138 KB"
"CHOICEIN","Choice International Limited","Press Release","Choice International Limited has informed the Exchange regarding a press release dated Jun 05, 2025, titled ""Press release on projects secured by our wholly owned subsidiary M/s. Choice Consultancy Services Private Limited from the State of Maharashtra and Odisha ."".","05-Jun-2025 10:02:17","2025-06-05 10:02:17","05-Jun-2025 10:02:17","00:00:00","https://nsearchives.nseindia.com/corporate/CHOICE_05062025100141_upload.pdf","1.10 MB"
"GRSE","Garden Reach Shipbuilders & Engineers Limited","General Updates","Garden Reach Shipbuilders & Engineers Limited has informed the Exchange about signing of Memorandum of Intent (MoI) and Memorandum of Understandings (MoUs) in Norway - Reg 30","05-Jun-2025 09:32:06","2025-06-05 09:32:06","05-Jun-2025 09:32:07","00:00:01","https://nsearchives.nseindia.com/corporate/GRSE_05062025093131_Corp_Ann_MoI_and_MoU_signed_in_Norway_Reg30.pdf","728 KB"
"WOCKPHARMA","Wockhardt Limited","Investor Presentation","Wockhardt Limited has informed the Exchange about Investor Presentation","05-Jun-2025 09:09:51","2025-06-05 09:09:51","05-Jun-2025 09:09:52","00:00:01","https://nsearchives.nseindia.com/corporate/WOCKPHARMA_05062025090912_WockInvestorPresentationsigned.pdf","2.91 MB"
"DRREDDY","Dr. Reddy's Laboratories Limited","Press Release","Dr. Reddy's Laboratories Limited has informed the Exchange regarding a press release dated Jun 05, 2025, titled ""Alvotech and Dr. Reddy s enter into Collaboration toCo-Develop Biosimilar Candidate to Keytrudaﾮ (pembrolizumab) for global markets."".","05-Jun-2025 08:40:11","2025-06-05 08:40:11","05-Jun-2025 08:40:12","00:00:01","https://nsearchives.nseindia.com/corporate/DRREDDY_05062025083856_DRL_SE_intimation_Alvotech_05062025.pdf","2.15 MB"
"WELCORP","Welspun Corp Limited","General Updates","Welspun Corp Limited has informed the Exchange about General Updates - Receipt of Export Order","05-Jun-2025 08:32:35","2025-06-05 08:32:35","05-Jun-2025 08:32:36","00:00:01","https://nsearchives.nseindia.com/corporate/WELCORP_05062025083224_SEexportorder.pdf","249 KB"
"ANGELONE","Angel One Limited","Monthly Business Updates","Angel One Limited has informed the Exchange regarding Monthly Business Updates for the month of May 2025","05-Jun-2025 07:36:45","2025-06-05 07:36:45","05-Jun-2025 07:36:47","00:00:02","https://nsearchives.nseindia.com/corporate/ANGEL8896_05062025073559_June052025Intimationofbusinessupdates.pdf","234 KB"